Size,Cores,Time
156000000,65,4.275350
156000000,65,4.991451
156000000,65,3.999078
156000000,65,5.469089
