Size,Cores,Time
156000000,65,4.275350
156000000,65,4.991451
156000000,65,3.999078
156000000,65,5.469089
156000000,65,4.881606
158400000,66,4.471043
158400000,66,4.342241
